tc_id,req_id,speed_kph,obstacle_m,sensor_age_ms,expected
BV-01,REQ-02,29.9,10.0,100,NO_ACTION
BV-02,REQ-01,30.0,10.0,100,BRAKE
BV-03,REQ-01,30.1,10.0,100,BRAKE
BV-04,REQ-01,50.0,19.9,100,BRAKE
BV-05,REQ-01,50.0,20.0,100,BRAKE
BV-06,REQ-01,50.0,20.1,100,NO_ACTION
BV-07,REQ-01,50.0,10.0,199,BRAKE
BV-08,REQ-03,50.0,10.0,200,FAULT
BV-09,REQ-03,50.0,10.0,201,FAULT
BV-10,REQ-05,-0.1,10.0,100,FAULT
BV-11,REQ-02,0.0,10.0,100,NO_ACTION
BV-12,REQ-02,0.1,10.0,100,NO_ACTION
BV-13,REQ-01,249.9,10.0,100,BRAKE
BV-14,REQ-01,250.0,10.0,100,BRAKE
BV-15,REQ-05,250.1,10.0,100,FAULT
EP-01,REQ-01,50.0,,100,NO_ACTION
EP-02,REQ-02,10.0,,100,NO_ACTION
EP-03,REQ-01,120.0,100.0,100,NO_ACTION
EP-04,REQ-01,50.0,0.0,100,BRAKE
EP-05,REQ-01,50.0,10.0,0,BRAKE
EP-06,REQ-03,50.0,10.0,5000,FAULT
EP-07,REQ-05,-20.0,10.0,100,FAULT
EP-08,REQ-05,300.0,10.0,100,FAULT
DT-01,REQ-03,50.0,,200,FAULT
DT-02,REQ-03,10.0,10.0,200,FAULT
DT-03,REQ-05,300.0,,100,FAULT
DT-04,REQ-05,-5.0,10.0,300,FAULT
DT-05,REQ-05,300.0,5.0,300,FAULT
DT-06,REQ-01,30.0,20.0,199,BRAKE
DT-07,REQ-02,29.9,20.1,199,NO_ACTION
DT-08,REQ-01,250.0,20.0,199,BRAKE
DT-09,REQ-05,250.1,20.0,200,FAULT
DT-10,REQ-02,0.0,0.0,0,NO_ACTION
